Constituency_ID,Constituency_Name,District,2026_LDF_Candidate,2026_LDF_Party,2026_UDF_Candidate,2026_UDF_Party,2026_NDA_Candidate,2026_NDA_Party,2026_OTH_Candidates,2021_Winner_Front,2021_Winner_Name,2021_Winner_TotalVotes,2021_RunnerUp_Name,2021_RunnerUp_TotalVotes,2021_Margin,2021_Electors,2021_Turnout,2021_NOTA,2021_Rejected,URL,Local_Images
1,MANJESHWAR,Unknown,K. R. Jayanandan,CPI(M),A. K. M. Ashraf,IUML,K. Surendran,BJP,,UDF,A K M ASHRAF,"65,758",K SURENDRAN,"65,013",745,"2,21,711",77.93,387,348,https://kerala26.com/constituency/1,kerala26_all_images\Const1_001.jpg | kerala26_all_images\Const1_iuml.svg | kerala26_all_images\Const1_bjp.svg | kerala26_all_images\Const1_cpim.png
2,KASARAGOD,Unknown,Shanavas Padhoor,Independent (INL Support),Kallatra Mahin Haji,IUML,Ashwini M.L.,BJP,C.A. Savad (SDPI),UDF,N A NELLIKKUNNU,"63,296",ADV K SHREEKANTH,"50,395","12,901","2,01,863",72.05,639,952,https://kerala26.com/constituency/2,kerala26_all_images\Const2_002.jpg | kerala26_all_images\Const2_bjp.svg | kerala26_all_images\Const2_iuml.svg
3,UDMA,Unknown,C. H. Kunhambu,CPI(M),Neelakantan,INC,Manulal Meloth,BJP,,LDF,C H KUNHAMBU,"78,664",BALAKRISHNAN PERIYE,"65,342","13,322","2,14,368",77.37,434,522,https://kerala26.com/constituency/3,kerala26_all_images\Const3_inc.svg | kerala26_all_images\Const3_cpim.png | kerala26_all_images\Const3_bjp.svg | kerala26_all_images\Const3_003.jpg
4,KANHANGAD,Unknown,Govindan Pallikkappil,CPI,Shyji Ottapalli,KEC,M. Balraj,BJP,,LDF,E CHANDRASHEKARAN,"84,615",P V SURESH,"57,476","27,139","2,18,836",76.44,637,443,https://kerala26.com/constituency/4,kerala26_all_images\Const4_004.jpg | kerala26_all_images\Const4_cpi.svg | kerala26_all_images\Const4_bjp.svg
5,TRIKARIPUR,Unknown,V. P. P. Mustafa,CPI(M),Sandeep Varier,INC,N/A,N/A,Ravi Kulangara (TTP),LDF,M RAJAGOPALAN,"86,151",M P JOSEPH,"60,014","26,137","2,03,189",79.04,558,186,https://kerala26.com/constituency/5,kerala26_all_images\Const5_cpim.png | kerala26_all_images\Const5_inc.svg | kerala26_all_images\Const5_005.jpg
6,PAYYANNUR,Unknown,T. I. Madhusoodanan,CPI(M),V. Kunjikrishnan,Independent (RSP support),A. P. Gangadharan,BJP,,LDF,T I MADHUSOODANAN,"93,695",M PRADEEP KUMAR,"43,915","49,780","1,84,264",81.87,686,913,https://kerala26.com/constituency/6,kerala26_all_images\Const6_bjp.svg | kerala26_all_images\Const6_006.jpg | kerala26_all_images\Const6_cpim.png
7,KALLIASSERI,Unknown,M. Vijin,CPI(M),Rajeevan Kappacheri,INC,A.V. Sanil Kumar,BJP,K.K. Abdul Jabbar (SDPI),LDF,M VIJIN,"88,252",ADV. BRIJESH KUMAR,"43,859","44,393","1,85,592",78.86,666,778,https://kerala26.com/constituency/7,kerala26_all_images\Const7_inc.svg | kerala26_all_images\Const7_cpim.png | kerala26_all_images\Const7_007.jpg | kerala26_all_images\Const7_bjp.svg
8,TALIPARAMBA,Unknown,P. K. Shyamala,CPI(M),T. K. Govindan,Independent (INC Support),N. Haridas,BJP,Anappally Gopalan (AAP),LDF,M V GOVINDAN MASTER,"92,870",ADV. V P ABDUL RASHEED,"70,181","22,689","2,14,068",83.44,789,507,https://kerala26.com/constituency/8,kerala26_all_images\Const8_bjp.svg | kerala26_all_images\Const8_cpim.png | kerala26_all_images\Const8_008.jpg
9,IRIKKUR,Unknown,Mathew Kunnappally,Kerala Congress (M),Sajeev Joseph,INC,N/A,N/A,Sreenath Padmanabhan (TTP) | Joseph P.V (AAP) | M. J. Mathew (SDPI),UDF,Adv. Sajeev Joseph,"76,764",SAJI KUTTIYANIMATTAM,"66,754","10,010","1,95,695",78.2,459,520,https://kerala26.com/constituency/9,kerala26_all_images\Const9_kcm.svg | kerala26_all_images\Const9_009.jpg | kerala26_all_images\Const9_inc.svg
10,AZHIKODE,Unknown,K. V. Sumesh,CPI(M),Kareem Cheleri,IUML,K. K. Vinod Kumar,BJP,,LDF,K V Sumesh,"65,794",K M Shaji,"59,653","6,141","1,81,838",79.85,517,292,https://kerala26.com/constituency/10,kerala26_all_images\Const10_010.jpg | kerala26_all_images\Const10_bjp.svg | kerala26_all_images\Const10_iuml.svg | kerala26_all_images\Const10_cpim.png
11,KANNUR,Unknown,Kadannappalli Ramachandran,Congress (Secular),Adv. T. O. Mohanan,INC,C. Raghunath,BJP,,LDF,RAMACHANDRAN KADANNAPPALLI,"60,313",SATHEESHAN PACHENI,"58,568","1,745","1,74,370",77.29,504,685,https://kerala26.com/constituency/11,kerala26_all_images\Const11_inc.svg | kerala26_all_images\Const11_011.jpg | kerala26_all_images\Const11_cs.svg | kerala26_all_images\Const11_bjp.svg
12,DHARMADAM,Unknown,Pinarayi Vijayan,CPI(M),Abdul Rasheed,INC,K. Ranjith,BJP,,LDF,Pinarayi Vijayan,"95,522",C. Raghunathan,"45,399","50,123","1,94,462",82.91,400,985,https://kerala26.com/constituency/12,kerala26_all_images\Const12_cpim.png | kerala26_all_images\Const12_012.jpg | kerala26_all_images\Const12_bjp.svg | kerala26_all_images\Const12_inc.svg
13,THALASSERY,Unknown,Karayi Rajan,CPI(M),K. P. Saju,INC,O. Nidheesh,BJP,A.C. Jalaluddin (SDPI),LDF,Adv. A. N. SHAMSEER,"81,810",M. P. ARAVINDAKSHAN,"45,009","36,801","1,75,437",76.13,"2,313",564,https://kerala26.com/constituency/13,kerala26_all_images\Const13_013.jpg | kerala26_all_images\Const13_bjp.svg | kerala26_all_images\Const13_cpim.png | kerala26_all_images\Const13_inc.svg
14,KUTHUPARAMBA,Unknown,P. K. Praveen,RJD,Jayanthi Rajan,IUML,Adv. Shijilal,BJP,Rafeed AP (AAP),LDF,K.P. MOHANAN,"70,626",POTTANKANDI ABDULLA,"61,085","9,541","1,94,344",80.36,494,468,https://kerala26.com/constituency/14,kerala26_all_images\Const14_iuml.svg | kerala26_all_images\Const14_014.jpg | kerala26_all_images\Const14_ljd.jpg | kerala26_all_images\Const14_bjp.svg
15,MATTANNUR,Unknown,V. K. Sanoj,CPI(M),Chandran Thillankeri,INC,Biju Elakkuzhi,BJP,Basheer Punnad (SDPI),LDF,K K SHAILAJA TEACHER,"96,129",ILLIKKAL AUGUSTHY,"35,166","60,963","1,90,139",82.01,796,793,https://kerala26.com/constituency/15,kerala26_all_images\Const15_015.jpg | kerala26_all_images\Const15_bjp.svg | kerala26_all_images\Const15_inc.svg | kerala26_all_images\Const15_cpim.png
16,PERAVOOR,Unknown,K. K. Shailaja,CPI(M),Sunny Joseph,INC,Paily Vathiatt,BDJS,Adv. Henstion George (AAP),UDF,Adv. Sunny Joseph,"66,706",K V Sakkeer Hussain,"63,534","3,172","1,77,818",80.63,404,"1,240",https://kerala26.com/constituency/16,kerala26_all_images\Const16_inc.svg | kerala26_all_images\Const16_cpim.png | kerala26_all_images\Const16_016.jpg
17,MANANTHAVADY (ST),Unknown,O. R. Kelu,CPI(M),Usha Vijayan,INC,P. Shyam Raj,BJP,Vishnu P.G (AAP),LDF,O.R.KELU,"72,536",P.K.Jayalakshmi,"63,254","9,282","1,95,326",78.33,797,413,https://kerala26.com/constituency/17,kerala26_all_images\Const17_017.jpg | kerala26_all_images\Const17_cpim.png | kerala26_all_images\Const17_bjp.svg | kerala26_all_images\Const17_inc.svg
18,SULTHANBATHERY (ST),Unknown,M. S. Viswanathan,CPI(M),I. C. Balakrishnan,INC,A. S. Kavitha,BJP,Prakrithi N V (AAP),UDF,I.C BALAKRISHNAN,"81,077",M.S VISWANATHAN,"69,255","11,822","2,20,642",75.99,"1,160",237,https://kerala26.com/constituency/18,kerala26_all_images\Const18_cpim.png | kerala26_all_images\Const18_bjp.svg | kerala26_all_images\Const18_018.jpg | kerala26_all_images\Const18_inc.svg
19,KALPETTA,Unknown,P. K. Anil Kumar,RJD,T. Siddique,INC,Prasanth Malavayal,BJP,Rafeek C A (AAP),UDF,Adv.T SIDDIQU,"70,252",M.V.SHREYAMSKUMAR,"64,782","5,470","2,01,192",75.84,828,378,https://kerala26.com/constituency/19,kerala26_all_images\Const19_inc.svg | kerala26_all_images\Const19_bjp.svg | kerala26_all_images\Const19_019.jpg
20,VADAKARA,Unknown,M. K. Bhaskaran,RJD,K. K. Rema,RMPI,K. Dileep,BJP,,UDF,K.K.REMA,"65,093",MANAYATH CHANDRAN,"57,602","7,491","1,67,694",81.9,353,671,https://kerala26.com/constituency/20,kerala26_all_images\Const20_bjp.svg | kerala26_all_images\Const20_rmpi.jpg | kerala26_all_images\Const20_020.jpg
21,KUTTIADI,Unknown,K. P. Kunhammad Kutti Master,CPI(M),Parakkal Abdulla,IUML,Ramadas Manaleri,BJP,,LDF,K P KUNHAMMED KUTTI MASTER,"80,143",PARAKKAL ABDULLA,"79,810",333,"2,02,518",83.94,296,223,https://kerala26.com/constituency/21,kerala26_all_images\Const21_cpim.png | kerala26_all_images\Const21_021.jpg | kerala26_all_images\Const21_iuml.svg | kerala26_all_images\Const21_bjp.svg
22,NADAPURAM (SC),Unknown,P. Vasantham,CPI,K. M. Abhijith,INC,C. P. Vipin Chandran,BJP,,LDF,E. K. VIJAYAN,"83,293",ADV. K. PRAVEEN KUMAR,"79,258","4,035","2,16,491",81.14,316,168,https://kerala26.com/constituency/22,kerala26_all_images\Const22_inc.svg | kerala26_all_images\Const22_cpi.svg | kerala26_all_images\Const22_bjp.svg | kerala26_all_images\Const22_022.jpg
23,QUILANDY,Unknown,K. Dasan,CPI(M),K. Praveen Kumar,INC,C. R. Praphul Krishnan,BJP,Musthafa PK (Padinjare Kuniyoth) (AAP),LDF,Kanathil Jameela,"75,628",N. Subramaniyan,"67,156","8,472","2,06,652",78.64,492,429,https://kerala26.com/constituency/23,kerala26_all_images\Const23_inc.svg | kerala26_all_images\Const23_bjp.svg | kerala26_all_images\Const23_023.jpg | kerala26_all_images\Const23_cpim.png
24,PERAMBRA,Unknown,T. P. Ramakrishnan,CPI(M),Fathima Thahiliya,IUML,M. Mohanan Master,BJP,Ranjith Malayil (AAP),LDF,T.P. RAMAKRISHNAN,"86,023",C H EBRAHIMKUTTY S/O KUNJAMMED,"63,431","22,592","1,99,016",82.52,458,497,https://kerala26.com/constituency/24,kerala26_all_images\Const24_024.jpg | kerala26_all_images\Const24_cpim.png | kerala26_all_images\Const24_bjp.svg | kerala26_all_images\Const24_iuml.svg
25,BALUSSERI (SC),Unknown,K. M. Sachindev,CPI(M),V. T. Sooraj,INC,C. P. Sateeshan,BJP,,LDF,Adv. K.M. SACHINDEV,"91,839",DHARMAJAN BOLGATTY,"71,467","20,372","2,25,249",80.91,431,294,https://kerala26.com/constituency/25,kerala26_all_images\Const25_inc.svg | kerala26_all_images\Const25_025.jpg | kerala26_all_images\Const25_cpim.png | kerala26_all_images\Const25_bjp.svg
26,ELATHUR,Unknown,A. K. Saseendran,NCP(SP),Vidya Balakrishnan,INC,T. Devadas,BJP,Abdul Basith Atholi (AAP),LDF,A .K Saseendran,"83,639",Sulphikar Mayoori,"45,137","38,502","2,04,036",80.68,984,263,https://kerala26.com/constituency/26,kerala26_all_images\Const26_026.jpg | kerala26_all_images\Const26_inc.svg | kerala26_all_images\Const26_bjp.svg | kerala26_all_images\Const26_ncp.png
27,KOZHIKODE NORTH,Unknown,Thottathil Ravindran,CPI(M),K. Jayanth,INC,Navya Haridas,BJP,Dr. Alphonsa Mathew (AAP),LDF,Thottathil Ravindran,"59,124",K M ABHIJITH,"46,196","12,928","1,81,191",75.98,516,100,https://kerala26.com/constituency/27,kerala26_all_images\Const27_inc.svg | kerala26_all_images\Const27_cpim.png | kerala26_all_images\Const27_bjp.svg | kerala26_all_images\Const27_027.jpg
28,KOZHIKODE SOUTH,Unknown,Ahamed Devarkovil,INL,Faisal Babu,IUML,T. Raneesh,BJP,,LDF,AHAMMAD DEVARKOVIL,"52,557",ADV. NOORBEENA RASHEED,"40,098","12,459","1,57,397",75.79,603,243,https://kerala26.com/constituency/28,kerala26_all_images\Const28_iuml.svg | kerala26_all_images\Const28_inl.png | kerala26_all_images\Const28_bjp.svg | kerala26_all_images\Const28_028.jpg
29,BEYPORE,Unknown,Muhammad Riyas,CPI(M),P. V. Anvar,AITC,K. P. Prakash Babu,BJP,,LDF,Adv. P. A MOHAMED RIYAS,"82,165",Adv. P. M NIYAS,"53,418","28,747","2,08,219",79.4,621,125,https://kerala26.com/constituency/29,kerala26_all_images\Const29_029.jpg | kerala26_all_images\Const29_cpim.png | kerala26_all_images\Const29_bjp.svg
30,KUNNAMANGALAM,Unknown,P. T. A. Rahim,Independent (CPI(M) support),M. A. Razak Master,IUML,V. K. Sajeevan,BJP,,LDF,ADV. P. T. A RAHIM,"85,138",DINESH PERUMANNA,"74,862","10,276","2,31,715",83.82,864,396,https://kerala26.com/constituency/30,kerala26_all_images\Const30_iuml.svg | kerala26_all_images\Const30_bjp.svg | kerala26_all_images\Const30_030.jpg
31,KODUVALLY,Unknown,Saleem Madavoor,Independent (CPI(M) support),P. K. Firos,IUML,Giri Pambanal,BDJS,Bavan Kutty K M (AAP),UDF,DR. M.K MUNEER,"72,336",KARAT RAZACK,"65,992","6,344","1,83,551",82.44,269,173,https://kerala26.com/constituency/31,kerala26_all_images\Const31_031.jpg | kerala26_all_images\Const31_iuml.svg
32,THIRUVAMBADY,Unknown,Linto Joseph,CPI(M),C. K. Kasim,IUML,N/A,N/A,Sunny Thomas (TTP) | Sunny V Joseph (AAP),LDF,Linto Joseph,"67,867",C. P. Cheriya Muhammed,"63,224","4,643","1,80,570",79.4,419,355,https://kerala26.com/constituency/32,kerala26_all_images\Const32_032.jpg | kerala26_all_images\Const32_iuml.svg | kerala26_all_images\Const32_cpim.png
33,KONDOTTY,Unknown,Dr. P. Jiji,CPI(M),T. P. Ashrafali,IUML,P. Subrahmanian,BJP,M. Abdul Khader (SDPI),UDF,T V IBRAHIM,"82,759",KATTUPARUTHY SULAIMAN HAJI,"65,093","17,666","2,05,411",80.25,554,702,https://kerala26.com/constituency/33,kerala26_all_images\Const33_033.jpg | kerala26_all_images\Const33_cpim.png | kerala26_all_images\Const33_bjp.svg | kerala26_all_images\Const33_iuml.svg
34,ERANAD,Unknown,Shafeer Kizhisseri,CPI,P. K. Basheer,IUML,Adv. N. Sreeprakash,BJP,Yusuf Chemmala (SDPI),UDF,P.K. Basheer,"78,076",K.T. Abdurahiman,"55,530","22,546","1,79,951",79.68,636,120,https://kerala26.com/constituency/34,kerala26_all_images\Const34_iuml.svg | kerala26_all_images\Const34_034.jpg | kerala26_all_images\Const34_cpi.svg | kerala26_all_images\Const34_bjp.svg
35,NILAMBUR,Unknown,U. Sharafali,Independent (CPI(M) support),Aryadan Shoukath,INC,Gireesh Mekkad,BDJS,Jaisal Maliyekkal (AAP),LDF,P.V. ANVAR,"81,227",ADV: V.V. PRAKASH,"78,527","2,700","2,25,356",76.96,507,238,https://kerala26.com/constituency/35,kerala26_all_images\Const35_inc.svg | kerala26_all_images\Const35_035.jpg
36,WANDOOR (SC),Unknown,K. K. Damodaran,CPI(M),A. P. Anil Kumar,INC,E. P. Kumaradas,JRS,,UDF,A P ANILKUMAR,"87,415",MIDHUNA P,"71,852","15,563","2,26,426",75.25,664,459,https://kerala26.com/constituency/36,kerala26_all_images\Const36_inc.svg | kerala26_all_images\Const36_036.jpg | kerala26_all_images\Const36_cpim.png
37,MANJERI,Unknown,M. Mustafa,Independent (CPI support),M. Rahmathulla,IUML,Pathmasree M.,BJP,Adv. PPA Sageer (AAP),UDF,Adv. U.A. LATHEEF,"78,836",NAZAR DEBONA,"64,263","14,573","2,07,051",75.95,"1,202",272,https://kerala26.com/constituency/37,kerala26_all_images\Const37_037.jpg | kerala26_all_images\Const37_iuml.svg | kerala26_all_images\Const37_bjp.svg
38,PERINTHALMANNA,Unknown,V. P. Muhammad Haneefa,CPI(M),Najeeb Kanthapuram,IUML,Adv. K.P. Baburaj,BJP,,UDF,NAJEEB KANTHAPURAM,"76,530",K P M MUSTHAFA S/o MUHAMMEDALI HAJI,"76,492",38,"2,18,090",75.99,867,109,https://kerala26.com/constituency/38,kerala26_all_images\Const38_cpim.png | kerala26_all_images\Const38_038.jpg | kerala26_all_images\Const38_iuml.svg | kerala26_all_images\Const38_bjp.svg
39,MANKADA,Unknown,Kunnath Muhammed,Independent (CPI(M) support),Manjalamkuzhi Ali,IUML,Lijoy Paul,BJP,Dr. C.H. Ashraf (SDPI),UDF,MANJALAMKUZHI ALI,"83,231",Adv. T.K. RASHEEDALI,"76,985","6,246","2,18,872",76.99,599,232,https://kerala26.com/constituency/39,kerala26_all_images\Const39_039.jpg | kerala26_all_images\Const39_bjp.svg | kerala26_all_images\Const39_iuml.svg
40,MALAPPURAM,Unknown,K. T. Mujeeb,NCP(SP),P. K. Kunhalikutty,IUML,Ashwathy Gupatha Kumar,BJP,Aboobacker K.P. (Kundupuzhakkal) (AAP) | Adv. Sadiq Naduthodi (SDPI),UDF,P. UBAIDULLA,"93,166",PALOLI ABDURAHIMAN,"57,958","35,208","2,12,076",76.56,994,536,https://kerala26.com/constituency/40,kerala26_all_images\Const40_040.jpg | kerala26_all_images\Const40_bjp.svg | kerala26_all_images\Const40_iuml.svg
41,VENGARA,Unknown,Muhammad Sabah Kundukuzhikkal,Independent (CPI(M) support),K. M. Shaji,IUML,Jayakrishnan V.N.,BJP,,UDF,P.K KUNJHALIKUTTY,"70,381",P. JIJI,"39,785","30,596","1,85,377",71.09,787,236,https://kerala26.com/constituency/41,kerala26_all_images\Const41_041.jpg | kerala26_all_images\Const41_iuml.svg | kerala26_all_images\Const41_bjp.svg
42,VALLIKKUNNU,Unknown,Adv. C. P. Musthafa,Independent (INL support),T. V. Ibrahim,IUML,M. Preman Master,BJP,Abdul Azeez Kadalundi (AAP),UDF,ABDUL HAMEED MASTER,"71,823",Prof. A.P. ABDUL VAHAB,"57,707","14,116","1,98,962",76.27,"1,150",341,https://kerala26.com/constituency/42,kerala26_all_images\Const42_bjp.svg | kerala26_all_images\Const42_iuml.svg | kerala26_all_images\Const42_042.jpg
43,TIRURANGADI,Unknown,Ajit Koladi,CPI,P. M. A. Sameer,IUML,Riju C. Raghav,BJP,Moosa Jarathingal (AAP),UDF,K P A MAJEED,"73,499",NIYAS PULIKKALAKATH,"63,921","9,578","1,97,158",75.07,721,237,https://kerala26.com/constituency/43,kerala26_all_images\Const43_043.jpg | kerala26_all_images\Const43_iuml.svg | kerala26_all_images\Const43_cpi.svg | kerala26_all_images\Const43_bjp.svg
44,TANUR,Unknown,Muhammed Sameer,Independent (CPI(M) support),P. K. Navas,IUML,Deepa Puzhakkal,BJP,,LDF,V.ABDURAHIMAN,"70,704",P.K.FIROS,"69,719",985,"1,96,123",77.87,336,146,https://kerala26.com/constituency/44,kerala26_all_images\Const44_nsc.svg | kerala26_all_images\Const44_bjp.svg | kerala26_all_images\Const44_044.jpg | kerala26_all_images\Const44_iuml.svg
45,TIRUR,Unknown,V. Abdurahman,Independent (CPI(M) support),Kurukkoli Moideen,IUML,K. Narayanan Master,BJP,Kabeer Shameer Kuttoor (AAP),UDF,KURUKKOLI MOIDEEN,"82,314",Adv. GAFOOR P LILLIS,"75,100","7,214","2,29,493",74.45,417,109,https://kerala26.com/constituency/45,kerala26_all_images\Const45_iuml.svg | kerala26_all_images\Const45_045.jpg | kerala26_all_images\Const45_bjp.svg
46,KOTTAKKAL,Unknown,K. Preethi,Independent (CPI(M) support),K. K. Abid Hussain Thangal,IUML,Subrahmanian Chunkapally,BDJS,Adv. Majeed Marakkara (SDPI),UDF,PROF. ABID HUSSAIN THANGAL,"81,700",N. A. MUHAMMED KUTTY (MAMMUTY),"65,112","16,588","2,16,518",74.01,668,302,https://kerala26.com/constituency/46,kerala26_all_images\Const46_iuml.svg | kerala26_all_images\Const46_046.jpg
47,THAVANUR,Unknown,K. T. Jaleel,Independent (CPI(M) support),V. S. Joy,INC,Ravi Thelath,BDJS,Abdul Jaleel (SDPI),LDF,DR.K.T.JALEEL,"70,358",FIROS KUNNAMPARAMBIL,"67,794","2,564","2,00,016",75.82,478,234,https://kerala26.com/constituency/47,kerala26_all_images\Const47_inc.svg | kerala26_all_images\Const47_047.jpg
48,PONNANI,Unknown,M. K. Sakeer,CPI(M),K. P. Noushad Ali,INC,E. Maneesh,BDJS,Anvar Pazhanji (SDPI),LDF,P NANDAKUMAR,"74,668",Adv. A.M. ROHITH,"57,625","17,043","2,05,353",70.9,467,168,https://kerala26.com/constituency/48,kerala26_all_images\Const48_cpim.png | kerala26_all_images\Const48_inc.svg | kerala26_all_images\Const48_048.jpg
49,THRITHALA,Unknown,M. B. Rajesh,CPI(M),V. T. Balram,INC,V. Unnikrishnan Master,BJP,Shaheer Chalippuram (SDPI),LDF,M. B RAJESH,"69,814",V .T BALRAM,"66,798","3,016","1,94,236",78.54,427,247,https://kerala26.com/constituency/49,kerala26_all_images\Const49_cpim.png | kerala26_all_images\Const49_049.jpg | kerala26_all_images\Const49_bjp.svg | kerala26_all_images\Const49_inc.svg
50,PATTAMBI,Unknown,Muhammed Muhassin P.,CPI,T. P. Shaji,INC,Adv. P. Manoj,BJP,S.P. Ameer Ali (SDPI),LDF,Muhammed Muhassin,"75,311",Riyas Mukkoli,"57,337","17,974","1,94,989",78.06,390,292,https://kerala26.com/constituency/50,kerala26_all_images\Const50_050.jpg | kerala26_all_images\Const50_cpi.svg | kerala26_all_images\Const50_bjp.svg | kerala26_all_images\Const50_inc.svg
51,SHORNUR,Unknown,P. Mammikkutty,CPI(M),P. Harigovindan,INC,Sanku T. Das,BJP,,LDF,P. MAMMIKUTTY,"74,400",FIROZ BABU.T.H,"37,726","36,674","1,94,287",78.32,678,260,https://kerala26.com/constituency/51,kerala26_all_images\Const51_051.jpg | kerala26_all_images\Const51_cpim.png | kerala26_all_images\Const51_inc.svg | kerala26_all_images\Const51_bjp.svg
52,OTTAPALAM,Unknown,K. Premkumar,CPI(M),P. K. Sasi,Independent (INC Support),Major Ravi,BJP,,LDF,Adv. K. PREMKUMAR,"74,859",DOCTOR P. SARIN,"59,707","15,152","2,08,304",77.54,867,348,https://kerala26.com/constituency/52,kerala26_all_images\Const52_cpim.png | kerala26_all_images\Const52_052.jpg | kerala26_all_images\Const52_bjp.svg
53,KONGAD (SC),Unknown,Santhakumari K.,CPI(M),K. A. Thulasi,INC,Renu Suresh,BJP,,LDF,Santhakumari K,"67,881",U C Raman,"40,662","27,219","1,81,747",76.83,953,"1,134",https://kerala26.com/constituency/53,kerala26_all_images\Const53_bjp.svg | kerala26_all_images\Const53_053.jpg | kerala26_all_images\Const53_cpim.png | kerala26_all_images\Const53_inc.svg
54,MANNARKAD,Unknown,Manzil Aboobacker,CPI,N. Samsudheen,IUML,Isaac Varghese,BDJS,Ashitha Najeeb (SDPI),UDF,ADVOCATE. N. SAMSUDHEEN,"71,657",K. P. SURESH RAJ,"65,787","5,870","1,98,421",76.75,760,179,https://kerala26.com/constituency/54,kerala26_all_images\Const54_cpi.svg | kerala26_all_images\Const54_iuml.svg | kerala26_all_images\Const54_054.jpg
55,MALAMPUZHA,Unknown,E. Prabhakaran,CPI(M),A. Suresh,INC,C. Krishnakumar,BJP,Saji P J (AAP),LDF,A. PRABHAKARAN,"75,934",KRISHNAKUMAR.C,"50,200","25,734","2,13,746",76.94,"1,054",856,https://kerala26.com/constituency/55,kerala26_all_images\Const55_cpim.png | kerala26_all_images\Const55_inc.svg | kerala26_all_images\Const55_bjp.svg | kerala26_all_images\Const55_055.jpg
56,PALAKKAD,Unknown,N. M. R. Razaq,Independent (CPI(M) support),Ramesh Pisharody,INC,Sobha Surendran,BJP,Udayan Sukumaran (AAP),UDF,SHAFI PARAMBIL,"54,079",E. SREEDHARAN,"50,220","3,859","1,88,789",75.44,528,323,https://kerala26.com/constituency/56,kerala26_all_images\Const56_bjp.svg | kerala26_all_images\Const56_056.jpg | kerala26_all_images\Const56_inc.svg
57,TARUR (SC),Unknown,P. P. Sumod,CPI(M),K. C. Subramanian,INC,Suresh Babu,BJP,,LDF,P.P.SUMOD,"67,744",K.A.SHEEBA,"43,213","24,531","1,70,733",77.12,940,322,https://kerala26.com/constituency/57,kerala26_all_images\Const57_cpim.png | kerala26_all_images\Const57_bjp.svg | kerala26_all_images\Const57_inc.svg | kerala26_all_images\Const57_057.jpg
58,CHITTUR,Unknown,Adv V. Murugadas,Indian Socialist Janata Dal,Sumesh Achuthan,INC,Pranesh Rajendran,BJP,,LDF,K. KRISHNANKUTTY,"84,672",Adv. SUMESH ACHUTHAN,"50,794","33,878","1,89,510",80.88,"1,285",374,https://kerala26.com/constituency/58,kerala26_all_images\Const58_058.jpg | kerala26_all_images\Const58_jds.svg | kerala26_all_images\Const58_inc.svg | kerala26_all_images\Const58_bjp.svg
59,NENMARA,Unknown,K. Preman,CPI(M),A. Thankappan,INC,A. N. Anurag,BDJS,Anvar Sadiq (SDPI),LDF,K. Babu,"80,145",C.N.Vijayakrishnan,"51,441","28,704","1,93,075",78.64,"1,070",303,https://kerala26.com/constituency/59,kerala26_all_images\Const59_inc.svg | kerala26_all_images\Const59_cpim.png | kerala26_all_images\Const59_059.jpg
60,ALATHUR,Unknown,T. M. Sasi,CPI(M),K. N. Febin,INC,K.V. Prasanna Kumar,BJP,,LDF,K.D.PRASENAN,"74,653",PALAYAM PRADEEP,"40,535","34,118","1,71,419",79.1,783,219,https://kerala26.com/constituency/60,kerala26_all_images\Const60_cpim.png | kerala26_all_images\Const60_060.jpg | kerala26_all_images\Const60_bjp.svg | kerala26_all_images\Const60_inc.svg
61,CHELAKKARA (SC),Unknown,U. R. Pradeep,CPI(M),Sivan Veettikkunnu,Independent (IUML Support),K. Balakrishnan,BJP,K V Subramaniyan (AAP) | P. R. Vinod Kumar (Current MLA),LDF,K RADHAKRISHNAN,"83,415",C C SREEKUMAR,"44,015","39,400","1,98,392",77.46,720,358,https://kerala26.com/constituency/61,kerala26_all_images\Const61_cpim.png | kerala26_all_images\Const61_bjp.svg | kerala26_all_images\Const61_061.jpg
62,KUNNAMKULAM,Unknown,A. C. Moideen,CPI(M),P. T. Ajayamohan,INC,Rijil K. R.,BDJS,Rajeev K Sivaraman (AAP),LDF,A.C.MOIDEEN,"75,532",K.JAYASANKAR,"48,901","26,631","1,98,378",78.24,559,384,https://kerala26.com/constituency/62,kerala26_all_images\Const62_inc.svg | kerala26_all_images\Const62_cpim.png | kerala26_all_images\Const62_062.jpg
63,GURUVAYOOR,Unknown,N. K. Akbar,CPI(M),C. H. Rasheed,IUML,Adv. B. Gopalakrishnan,BJP,Pauly Francis Guruvayur (AAP) | K.V. Abdul Nasar Paroor (SDPI),LDF,N.K.AKBAR,"77,072",Adv.K N A KHADER,"58,804","18,268","2,11,447",69.65,"1,007",522,https://kerala26.com/constituency/63,kerala26_all_images\Const63_bjp.svg | kerala26_all_images\Const63_iuml.svg | kerala26_all_images\Const63_063.jpg | kerala26_all_images\Const63_cpim.png
64,MANALUR,Unknown,C. Ravindranath,CPI(M),T. N. Prathapan,INC,K. K. Aneesh Kumar,BJP,Unnikrishnan C. S. (AAP) | Dileef Abdul Khader (SDPI),LDF,MURALI,"78,337",VIJAY HARI,"48,461","29,876","2,22,706",75.63,712,922,https://kerala26.com/constituency/64,kerala26_all_images\Const64_bjp.svg | kerala26_all_images\Const64_064.jpg | kerala26_all_images\Const64_cpim.png | kerala26_all_images\Const64_inc.svg
65,WADAKKANCHERY,Unknown,Xeviyar Chittilappally,CPI(M),P N Vaisakh,INC,Adv. T.S. Ullas Babu,BJP,Jithin Sadanananthan (AAP),LDF,Xavier Chittilappilly,"81,026",Anil Akkara,"65,858","15,168","2,18,083",78.18,842,646,https://kerala26.com/constituency/65,kerala26_all_images\Const65_inc.svg | kerala26_all_images\Const65_bjp.svg | kerala26_all_images\Const65_065.jpg | kerala26_all_images\Const65_cpim.png
66,WADAKKANCHERY,Unknown,K. Rajan,CPI,Shaji Kodankandath,INC,Bijoy Thomas,BJP,V P Prinson Avinissery (AAP),LDF,Xavier Chittilappilly,"81,026",Anil Akkara,"65,858","15,168","2,18,083",78.18,842,646,https://kerala26.com/constituency/66,kerala26_all_images\Const66_bjp.svg | kerala26_all_images\Const66_066.jpg | kerala26_all_images\Const66_inc.svg | kerala26_all_images\Const66_cpi.svg
67,THRISSUR,Unknown,Alankode Leelakrishnan,CPI,Rajan Pallan,INC,Padmaja Venugopal,BJP,Rani Anto (AAP),LDF,P BALACHANDRAN,"44,263",PADMAJA VENUGOPAL,"43,317",946,"1,82,823",70.78,723,156,https://kerala26.com/constituency/67,kerala26_all_images\Const67_inc.svg | kerala26_all_images\Const67_067.jpg | kerala26_all_images\Const67_bjp.svg | kerala26_all_images\Const67_cpi.svg
68,NATTIKA (SC),Unknown,Geetha Gopi,CPI,Sunil Lalur,INC,C. C. Mukundan,BJP,Girijan A A (AAP),LDF,C C MUKUNDHAN,"72,930",ADV. SUNIL LALOOR,"44,499","28,431","2,10,708",73.14,830,561,https://kerala26.com/constituency/68,kerala26_all_images\Const68_cpi.svg | kerala26_all_images\Const68_068.jpg | kerala26_all_images\Const68_inc.svg | kerala26_all_images\Const68_bjp.svg
69,KAIPAMANGALAM,Unknown,K. K. Valsaraj,CPI,T. M. Nazar,INC,Athulya Ghosh,BDJS,Jayan Eratt (AAP) | A.M. Muhammed Riyas (SDPI),LDF,E T TAISON MASTER,"73,161",SOBHA SUBIN,"50,463","22,698","1,74,025",78.82,466,"1,082",https://kerala26.com/constituency/69,kerala26_all_images\Const69_069.jpg | kerala26_all_images\Const69_inc.svg | kerala26_all_images\Const69_cpi.svg
70,IRINJALAKKUDA,Unknown,R. Bindu,CPI(M),Thomas Unniyadan,KEC,Santhosh Cherkalam,BJP,Dr. Shaju K Y (Kavungal) (AAP),LDF,R Bindu,"62,493",Thomas J Unniyadan,"56,544","5,949","2,01,978",77.17,590,683,https://kerala26.com/constituency/70,kerala26_all_images\Const70_cpim.png | kerala26_all_images\Const70_070.jpg | kerala26_all_images\Const70_bjp.svg
71,PUTHUKKAD,Unknown,K. K. Ramachandran,CPI(M),K. M. Babu Raj,INC,A. Nagesh,BJP,Jayakrishnan P N (AAP),LDF,K.K. Ramachandran,"73,365",Sunil Anthikkad (Sunilkumar. P.V),"46,012","27,353","2,01,192",77.86,"1,069",367,https://kerala26.com/constituency/71,kerala26_all_images\Const71_bjp.svg | kerala26_all_images\Const71_inc.svg | kerala26_all_images\Const71_071.jpg | kerala26_all_images\Const71_cpim.png
72,CHALAKKUDY,Unknown,Adv Biju Chirayath,Kerala Congress (M),T. J. Saneesh Kumar Joseph,INC,N/A,N/A,Charly Paul (TTP) | Wilson Kallen (AAP),UDF,Saneeshkumar Joseph,"61,888",DENNIES K ANTONY,"60,831","1,057","1,92,929",74.42,"1,000",431,https://kerala26.com/constituency/72,kerala26_all_images\Const72_072.jpg | kerala26_all_images\Const72_inc.svg | kerala26_all_images\Const72_kcm.svg
73,KODUNGALLUR,Unknown,V. R. Sunil,CPI,O. J. Janeesh,INC,N/A,N/A,Varghese George (TTP) | Dr. K.M Francis Roy (AAP),LDF,Adv. V. R. SUNILKUMAR,"71,457",M. P. JACKSON,"47,564","23,893","1,93,042",77.38,870,478,https://kerala26.com/constituency/73,kerala26_all_images\Const73_cpi.svg | kerala26_all_images\Const73_inc.svg | kerala26_all_images\Const73_073.jpg
74,PERUMBAVOOR,Unknown,Basil Paul,Kerala Congress (M),Manoj Moothedan,INC,N/A,N/A,Jibi Pathikkal (TTP),UDF,Adv ELDOSE P KUNNAPILLIL,"53,484",BABU JOSEPH PERUMBAVOOR,"50,585","2,899","1,84,654",78.37,703,545,https://kerala26.com/constituency/74,kerala26_all_images\Const74_inc.svg | kerala26_all_images\Const74_074.jpg | kerala26_all_images\Const74_kcm.svg
75,ANGAMALY,Unknown,Saju Paul,CPI(M),Roji M. John,INC,N/A,N/A,Promy Kuriakose (TTP) | Adv. Jose Chiramel Devassy (AAP),UDF,ROJI M JOHN,"71,562",Adv. JOSE THETTAYIL,"55,633","15,929","1,78,015",78.16,669,"1,134",https://kerala26.com/constituency/75,kerala26_all_images\Const75_cpim.png | kerala26_all_images\Const75_075.jpg | kerala26_all_images\Const75_inc.svg
76,ALUVA,Unknown,A. M. Ariff,CPI(M),Anwar Sadath,INC,M.A. Brahmaraj,BJP,Hakhikhath Hameed (AAP),UDF,ANWAR SADATH,"73,703",Ar SHELNA NISHAD,"54,817","18,886","1,96,577",76.72,939,390,https://kerala26.com/constituency/76,kerala26_all_images\Const76_inc.svg | kerala26_all_images\Const76_bjp.svg | kerala26_all_images\Const76_cpim.png | kerala26_all_images\Const76_076.jpg
77,KALAMASSERY,Unknown,P. Rajeev,CPI(M),V. E. Abdul Gafoor,IUML,M. P. Binu,BDJS,Shamsu T.K (AAP),LDF,P. RAJEEVE,"77,141",ADV. V. E. ABDUL GAFOOR,"61,805","15,336","2,01,781",77.42,"1,518",352,https://kerala26.com/constituency/77,kerala26_all_images\Const77_077.jpg | kerala26_all_images\Const77_iuml.svg | kerala26_all_images\Const77_cpim.png
78,PARAVUR,Unknown,E. T. Taison,CPI,V. D. Satheesan,INC,Vathsala Prasanna Kumar,BJP,V.M. Faisal (SDPI),UDF,V.D. SATHEESAN,"82,264",M.T. NIXON,"60,963","21,301","2,01,478",79.02,"1,113",623,https://kerala26.com/constituency/78,kerala26_all_images\Const78_bjp.svg | kerala26_all_images\Const78_078.jpg | kerala26_all_images\Const78_cpi.svg | kerala26_all_images\Const78_inc.svg
79,VYPEN,Unknown,M. B. Shyni,CPI(M),Tony Chammany,INC,N/A,N/A,Anitha Thomas (TTP) | Mohandas PG (AAP),LDF,K.N. Unnikrishnan,"53,858",Deepak Joy,"45,657","8,201","1,72,182",75.95,525,181,https://kerala26.com/constituency/79,kerala26_all_images\Const79_079.jpg | kerala26_all_images\Const79_inc.svg | kerala26_all_images\Const79_cpim.png
80,KOCHI,Unknown,K. J. Maxy,CPI(M),Mohammed Shiyas,INC,N/A,N/A,Adv. Xavier Joolappan (TTP) | Shakkerali (AAP) | Aneesh Mattancherry (SDPI),LDF,K.J. MAXY,"54,632",TONY CHAMMANY,"40,553","14,079","1,81,923",70.93,474,334,https://kerala26.com/constituency/80,kerala26_all_images\Const80_cpim.png | kerala26_all_images\Const80_inc.svg | kerala26_all_images\Const80_080.jpg
81,THRIPUNITHURA,Unknown,K. N. Unnikrishnan,CPI(M),Deepak Joy,INC,N/A,N/A,Anjali Nair (TTP) | Thomas Paul (AAP),UDF,K. BABU,"65,875",Adv. M. SWARAJ,"64,883",992,"2,11,714",74.39,"1,099","1,194",https://kerala26.com/constituency/81,kerala26_all_images\Const81_inc.svg | kerala26_all_images\Const81_cpim.png | kerala26_all_images\Const81_081.jpg
82,ERANAKULAM,Unknown,Sabu George,Indian Socialist Janata Dal,T. J. Vinod,INC,P.R. Sivasankar,BJP,Moses Henry Motha (AAP),UDF,T. J. Vinod,"45,930",SHAJI GEORGE PRANATHA,"34,960","10,970","1,64,641",67.21,712,564,https://kerala26.com/constituency/82,kerala26_all_images\Const82_inc.svg | kerala26_all_images\Const82_082.jpg | kerala26_all_images\Const82_bjp.svg
83,THRIKKAKARA,Unknown,Pushpadhas,CPI(M),Uma Thomas,INC,N/A,N/A,Akhil Marar (TTP) | Jose George (AAP) | Aloysius Kollannur (SDPI),UDF,Adv.P.T.THOMAS,"59,839",Dr.J.JACOB,"45,510","14,329","1,94,113",70.5,695,276,https://kerala26.com/constituency/83,kerala26_all_images\Const83_inc.svg | kerala26_all_images\Const83_cpim.png | kerala26_all_images\Const83_083.jpg
84,KUNNATHUNAD (SC),Unknown,P. V. Sreenijin,CPI(M),V. P. Sajeendran,INC,N/A,N/A,Babu Divakaran (TTP),LDF,ADV. P.V.SREENIJIN,"52,351",V.P.SAJEENDRAN,"49,636","2,715","1,87,820",82.49,565,0,https://kerala26.com/constituency/84,kerala26_all_images\Const84_inc.svg | kerala26_all_images\Const84_084.jpg | kerala26_all_images\Const84_cpim.png
85,PIRAVOM,Unknown,Sabu K Jacob,Kerala Congress (M),Anoop Jacob,KC(J),N/A,N/A,Jibi Abraham (TTP) | Eldho Abraham (AAP) | Babu Mathew Vengoor (SDPI),UDF,ANOOP JACOB,"85,056",Dr. SINDHUMOL JACOB,"59,692","25,364","2,12,068",74.85,"1,109",646,https://kerala26.com/constituency/85,kerala26_all_images\Const85_kcj.svg | kerala26_all_images\Const85_kcm.svg | kerala26_all_images\Const85_085.jpg
86,MUVATTUPUZHA,Unknown,N. Arun,CPI,Mathew Kuzhalnadan,INC,N/A,N/A,Sunny Kadoothazhe (TTP) | Noushad Kakkaden Randarkara (AAP) | Roy Arakkal (SDPI),UDF,Dr. MATHEW KUZHALNADAN,"64,425",ELDHO ABRAHAM,"58,264","6,161","1,91,222",75.83,427,651,https://kerala26.com/constituency/86,kerala26_all_images\Const86_cpi.svg | kerala26_all_images\Const86_086.jpg | kerala26_all_images\Const86_inc.svg
87,KOTHAMANGALAM,Unknown,Antony John,CPI(M),Shibu Thekkumpuram,KEC,Aji Narayanan,BDJS,,LDF,ANTONY JOHN,"64,234",Shibu Thekkumpuram,"57,629","6,605","1,72,763",79.16,414,61,https://kerala26.com/constituency/87,kerala26_all_images\Const87_cpim.png | kerala26_all_images\Const87_087.jpg
88,DEVIKULAM (SC),Unknown,A. Raj,CPI(M),F. Raja,INC,S. Rajendran,BJP,,LDF,Adv. A. Raja,"59,049",D. Kumar,"51,201","7,848","1,69,381",68.53,807,308,https://kerala26.com/constituency/88,kerala26_all_images\Const88_bjp.svg | kerala26_all_images\Const88_inc.svg | kerala26_all_images\Const88_cpim.png | kerala26_all_images\Const88_088.jpg
89,UDUMBANCHOLA,Unknown,K. K. Jayachandran,CPI(M),Adv. Senapathi Venu,INC,Sangeetha Viswanathan,BDJS,,LDF,M. M. MANI,"77,381",ADV. E.M. AUGUSTHY,"39,076","38,305","1,67,459",74.93,687,252,https://kerala26.com/constituency/89,kerala26_all_images\Const89_inc.svg | kerala26_all_images\Const89_cpim.png | kerala26_all_images\Const89_089.jpg
90,THODUPUZHA,Unknown,Cyriac Chazhikadan,Kerala Congress (M),Apu John Joseph,KEC,N/A,N/A,Roy A. Varikkad (TTP) | Adv. Basil John (AAP) | Afsal M. B (SDPI),UDF,P J JOSEPH,"67,495",Prof. K I ANTONY,"47,236","20,259","1,91,364",72.76,674,431,https://kerala26.com/constituency/90,kerala26_all_images\Const90_kc.svg | kerala26_all_images\Const90_kcm.svg | kerala26_all_images\Const90_090.jpg
91,IDUKKI,Unknown,Roshi Augustine,Kerala Congress (M),Roy K. Paulose,INC,Pradeesh Prabha,BDJS,,LDF,ROSHY AUGUSTINE,"62,368",ADV. K FRANCIS GEORGE,"56,795","5,573","1,86,503",70.64,677,386,https://kerala26.com/constituency/91,kerala26_all_images\Const91_kcm.svg | kerala26_all_images\Const91_091.jpg | kerala26_all_images\Const91_inc.svg
92,PEERUMADE,Unknown,K. Salim Kumar,CPI,Adv. Syriac Thomas,INC,V. Ratheesh,BJP,Joseph Jacob (AAP),LDF,VAZHOOR SOMAN,"60,141",Adv.SYRIAC THOMAS,"58,306","1,835","1,74,514",73.06,401,208,https://kerala26.com/constituency/92,kerala26_all_images\Const92_inc.svg | kerala26_all_images\Const92_bjp.svg | kerala26_all_images\Const92_cpi.svg | kerala26_all_images\Const92_092.jpg
93,PALA,Unknown,Jose K. Mani,Kerala Congress (M),Mani C. Kappan,DCK,Shone George,BJP,Rony Jose Nedumpallil (AAP),UDF,MANI C KAPPEN,"69,804",JOSE K. MANI,"54,426","15,378","1,85,008",75.26,604,802,https://kerala26.com/constituency/93,kerala26_all_images\Const93_kcm.svg | kerala26_all_images\Const93_bjp.svg | kerala26_all_images\Const93_093.jpg
94,KADUTHURUTHY,Unknown,Nirmala Jimmy,Kerala Congress (M),Mons Joseph,KEC,Suresh Ettikunnel,BDJS,Dominic Simon (AAP),UDF,Adv. Mons Joseph,"59,666",Stephen George,"55,410","4,256","1,87,910",70.48,731,"1,033",https://kerala26.com/constituency/94,kerala26_all_images\Const94_094.jpg | kerala26_all_images\Const94_kcm.svg | kerala26_all_images\Const94_kc.svg
95,VAIKOM (SC),Unknown,P. Pradeep,CPI,K. Binimon,INC,K. Ajith,BJP,,LDF,C.K Asha,"71,388",Dr.P.R Sona,"42,266","29,122","1,64,791",77.69,670,446,https://kerala26.com/constituency/95,kerala26_all_images\Const95_cpi.svg | kerala26_all_images\Const95_095.jpg | kerala26_all_images\Const95_bjp.svg | kerala26_all_images\Const95_inc.svg
96,ETTUMANOOR,Unknown,V. N. Vasavan,CPI(M),Nattakam Suresh,INC,N/A,N/A,Athira D. Nair (TTP),LDF,V N Vasavan,"58,289",Adv. Prince Lukose,"43,986","14,303","1,68,266",75.45,780,782,https://kerala26.com/constituency/96,kerala26_all_images\Const96_096.jpg | kerala26_all_images\Const96_cpim.png | kerala26_all_images\Const96_inc.svg
97,KOTTAYAM,Unknown,K. Anilkumar,CPI(M),Thiruvanchoor Radhakrishnan,INC,P. Anilkumar,BDJS,Dr. Selin Philip (AAP) | Johnson Kandachira (SDPI),UDF,THIRUVANCHOOR RADHAKRISHNAN,"65,401",Adv.K.ANILKUMAR,"46,658","18,743","1,65,404",74.48,473,"1,463",https://kerala26.com/constituency/97,kerala26_all_images\Const97_cpim.png | kerala26_all_images\Const97_097.jpg | kerala26_all_images\Const97_inc.svg
98,PUTHUPPALLY,Unknown,K. M. Radhakrishnan,CPI(M),Chandy Oommen,INC,Raveendranath Vakathanam,BJP,,UDF,OOMMEN CHANDY,"63,372",JAICK C THOMAS,"54,328","9,044","1,76,103",75.35,497,890,https://kerala26.com/constituency/98,kerala26_all_images\Const98_inc.svg | kerala26_all_images\Const98_cpim.png | kerala26_all_images\Const98_bjp.svg | kerala26_all_images\Const98_098.jpg
99,CHANGANASSERY,Unknown,Job Maichil,Kerala Congress (M),Vinu Job,KEC,B. Radhakrishna Menon,BJP,Prof. (Dr.) Saju Kannanthara (AAP) | Althaf Hassan (SDPI),LDF,Adv. Job Maichil,"55,425",V. J. Laly,"49,366","6,059","1,71,743",71.98,434,43,https://kerala26.com/constituency/99,kerala26_all_images\Const99_bjp.svg | kerala26_all_images\Const99_099.jpg | kerala26_all_images\Const99_kcm.svg
100,KANJIRAPPALLY,Unknown,N. Jayaraj,Kerala Congress (M),Prof. Rony K. Baby,INC,George Kurian,BJP,Roshni Shinu (AAP),LDF,Dr.N.JAYARAJ,"60,299",JOSEPH VAZHACKAN,"46,596","13,703","1,86,904",73.96,624,530,https://kerala26.com/constituency/100,kerala26_all_images\Const100_kcm.svg | kerala26_all_images\Const100_100.jpg | kerala26_all_images\Const100_bjp.svg | kerala26_all_images\Const100_inc.svg
101,POONJAR,Unknown,Sebastian Kulathunkal,Kerala Congress (M),Sebastian M J,INC,P. C. George,BJP,,LDF,Adv. Sebastian Kulathunkal,"58,668",P.C.George Plathottam,"41,851","16,817","1,89,258",74.21,345,560,https://kerala26.com/constituency/101,kerala26_all_images\Const101_kcm.svg | kerala26_all_images\Const101_bjp.svg | kerala26_all_images\Const101_inc.svg | kerala26_all_images\Const101_101.jpg
102,AROOR,Unknown,Daleema,CPI(M),Shanimol Usman,INC,P. S. Jyothis,BDJS,,LDF,DALEEMA,"75,617",Adv. SHANIMOL OSMAN,"68,604","7,013","2,00,211",82.58,846,846,https://kerala26.com/constituency/102,kerala26_all_images\Const102_102.jpg | kerala26_all_images\Const102_cpim.png | kerala26_all_images\Const102_inc.svg
103,CHERTHALA,Unknown,P. Prasad,CPI,K. R. Rajendra Prasad,INC,Adv. Anandaraj T. P,BDJS,Tomy Elacheri (AAP),LDF,P PRASAD,"83,702",ADV.S SARATH,"77,554","6,148","2,13,687",83.8,602,982,https://kerala26.com/constituency/103,kerala26_all_images\Const103_cpi.svg | kerala26_all_images\Const103_inc.svg | kerala26_all_images\Const103_103.jpg
104,ALAPPUZHA,Unknown,P. P. Chitharanjan,CPI(M),A. D. Thomas,INC,M.J. Job,BJP,,LDF,P.P Chitharanjan,"73,412",Dr.K.S Manoj,"61,768","11,644","2,02,382",78.43,"1,089",276,https://kerala26.com/constituency/104,kerala26_all_images\Const104_inc.svg | kerala26_all_images\Const104_bjp.svg | kerala26_all_images\Const104_104.jpg | kerala26_all_images\Const104_cpim.png
105,AMBALAPUZHA,Unknown,H. Salam,CPI(M),G. Sudhakaran,Independent (INC Support),Arun Anirudhan,BJP,,LDF,H.Salam,"61,365",Adv.M.Liju,"50,240","11,125","1,79,348",76.74,591,605,https://kerala26.com/constituency/105,kerala26_all_images\Const105_cpim.png | kerala26_all_images\Const105_bjp.svg | kerala26_all_images\Const105_105.jpg
106,KUTTANAD,Unknown,Thomas K. Thomas,NCP(SP),Reji Cheriyan,KEC,Santhosh Santhy,BDJS,Joseph Mathew (AAP),LDF,THOMAS K THOMAS,"57,379",Adv. JACOB ABRAHAM,"51,863","5,516","1,68,723",74.86,523,673,https://kerala26.com/constituency/106,kerala26_all_images\Const106_ncp.png | kerala26_all_images\Const106_106.jpg
107,HARIPAD,Unknown,T. T. Jismon,CPI,Ramesh Chennithala,INC,Sandeep Vachaspati,BJP,,UDF,RAMESH CHENNITHALA,"72,768",Adv. R. SAJILAL,"59,102","13,666","1,97,598",76.6,536,739,https://kerala26.com/constituency/107,kerala26_all_images\Const107_107.jpg | kerala26_all_images\Const107_bjp.svg | kerala26_all_images\Const107_cpi.svg | kerala26_all_images\Const107_inc.svg
108,KAYAMKULAM,Unknown,U. Prathibha,CPI(M),M. Liju,INC,Thambi Mettuthara,BDJS,,LDF,Adv. U. Prathibha,"77,348",Aritha Babu,"71,050","6,298","2,14,839",75.41,420,760,https://kerala26.com/constituency/108,kerala26_all_images\Const108_cpim.png | kerala26_all_images\Const108_inc.svg | kerala26_all_images\Const108_108.jpg
109,MAVELIKARA (SC),Unknown,M. S. Arun Kumar,CPI(M),Muthara Raj,INC,Ajimon,BJP,,LDF,M S ARUN KUMAR,"71,743",K K SHAJU,"47,026","24,717","2,06,012",73.28,519,279,https://kerala26.com/constituency/109,kerala26_all_images\Const109_109.jpg | kerala26_all_images\Const109_inc.svg | kerala26_all_images\Const109_bjp.svg | kerala26_all_images\Const109_cpim.png
110,CHENGANNUR,Unknown,Saji Cherian,CPI(M),Eby Kuriakose,INC,M. V. Gopakumar,BJP,,LDF,SAJI CHERIAN,"71,502",M. MURALI,"39,409","32,093","2,07,980",70.76,491,0,https://kerala26.com/constituency/110,kerala26_all_images\Const110_bjp.svg | kerala26_all_images\Const110_110.jpg | kerala26_all_images\Const110_inc.svg | kerala26_all_images\Const110_cpim.png
111,THIRUVALLA,Unknown,Mathew T. Thomas,Indian Socialist Janata Dal,Varghese Mammen,KEC,Anoop Antony,BJP,,LDF,Adv. MATHEW T THOMAS,"62,178",KUNJU KOSHY PAUL,"50,757","11,421","2,12,741",65.73,608,301,https://kerala26.com/constituency/111,kerala26_all_images\Const111_111.jpg | kerala26_all_images\Const111_bjp.svg | kerala26_all_images\Const111_jds.svg
112,RANNI,Unknown,Pramod Narayan,Kerala Congress (M),Pazhakulam Madhu,INC,N/A,N/A,Thomas K. Samuel (TTP),LDF,Adv. Pramod Narayan,"52,669",Rinku Cherian,"51,384","1,285","1,94,086",65.95,431,226,https://kerala26.com/constituency/112,kerala26_all_images\Const112_kcm.svg | kerala26_all_images\Const112_inc.svg | kerala26_all_images\Const112_112.jpg
113,ARANMULA,Unknown,Veena George,CPI(M),Abin Varkey,INC,Kummanam Rajasekharan,BJP,,LDF,VEENA GEORGE,"74,950",Adv. K. SIVADASAN NAIR,"55,947","19,003","2,38,077",68.13,575,345,https://kerala26.com/constituency/113,kerala26_all_images\Const113_113.jpg | kerala26_all_images\Const113_bjp.svg | kerala26_all_images\Const113_inc.svg | kerala26_all_images\Const113_cpim.png
114,KONNI,Unknown,K. U. Jenish Kumar,CPI(M),Satheesh Kochuparambil,INC,T. P. Sundareshan,BDJS,,LDF,Adv. K.U JENISH KUMAR,"62,318",ROBIN PETER,"53,810","8,508","2,03,737",73.83,372,703,https://kerala26.com/constituency/114,kerala26_all_images\Const114_inc.svg | kerala26_all_images\Const114_114.jpg | kerala26_all_images\Const114_cpim.png
115,ADOOR (SC),Unknown,Priji Sasidharan,CPI,Santhakumar,INC,Pandalam Prathapan,BJP,,LDF,Chittayam Gopakumar,"66,569",M. G. Kannan,"63,650","2,919","2,09,397",74.4,594,384,https://kerala26.com/constituency/115,kerala26_all_images\Const115_inc.svg | kerala26_all_images\Const115_bjp.svg | kerala26_all_images\Const115_cpi.svg | kerala26_all_images\Const115_115.jpg
116,KARUNAGAPPALLY,Unknown,M. S. Thara,CPI,C. R. Mahesh,INC,V. S. Jithin Dev,BJP,,UDF,C. R Mahesh,"94,225",R. Ramachandran,"65,017","29,208","2,15,293",80.85,450,787,https://kerala26.com/constituency/116,kerala26_all_images\Const116_cpi.svg | kerala26_all_images\Const116_inc.svg | kerala26_all_images\Const116_bjp.svg | kerala26_all_images\Const116_116.jpg
117,CHAVARA,Unknown,Sujith Vijayanpillai,Independent (CPI(M) support),Shibu Baby John,RSP,K. R. Rajesh,BJP,,LDF,Dr.SUJITH VIJAYANPILLAI,"63,282",SHIBU BABY JOHN,"62,186","1,096","1,82,312",78.5,701,237,https://kerala26.com/constituency/117,kerala26_all_images\Const117_bjp.svg | kerala26_all_images\Const117_117.jpg
118,KUNNATHUR (SC),Unknown,Kovoor Kunjumon,RSP(L),Ullas Kovoor,RSP,Raji Prasad,BJP,,LDF,KOVOOR KUNJUMON,"69,436",ULLAS KOVOOR,"66,646","2,790","2,07,835",77.59,922,283,https://kerala26.com/constituency/118,kerala26_all_images\Const118_118.jpg | kerala26_all_images\Const118_bjp.svg
119,KOTTARAKKARA,Unknown,K. N. Balagopal,CPI(M),P. Aisha Potty,INC,R. Reshmi,BJP,Mamachan D (AAP),LDF,K N BALAGOPAL,"68,770",R RESMI,"57,956","10,814","2,01,909",74.6,574,"1,065",https://kerala26.com/constituency/119,kerala26_all_images\Const119_bjp.svg | kerala26_all_images\Const119_cpim.png | kerala26_all_images\Const119_119.jpg | kerala26_all_images\Const119_inc.svg
120,PATHANAPURAM,Unknown,K. B. Ganesh Kumar,Kerala Congress (B),Jyothikumar chamakkala,INC,N/A,N/A,Anil Pilla (TTP),LDF,K.B. GANESH KUMAR,"67,276",JYOTHIKUMAR CHAMAKKALA,"52,940","14,336","1,85,116",74.18,474,291,https://kerala26.com/constituency/120,kerala26_all_images\Const120_inc.svg | kerala26_all_images\Const120_kcb.svg | kerala26_all_images\Const120_120.jpg
121,PUNALUR,Unknown,C. Ajaya Prasad,CPI,Noushad Yusuf,IUML,N/A,N/A,B. Raghunathan Pillai (TTP),LDF,P S SUPAL,"80,428",ABDURAHIMAN RANDATHANI,"43,371","37,057","2,06,496",71.03,688,423,https://kerala26.com/constituency/121,kerala26_all_images\Const121_cpi.svg | kerala26_all_images\Const121_iuml.svg | kerala26_all_images\Const121_121.jpg
122,CHADAYAMANGALAM,Unknown,J. Chinjurani,CPI,M. M. Naseer,INC,R. S. Arun Raj,BJP,Sharafath Mallam (SDPI),LDF,J.Chinchurani,"67,252",M.M.Naseer,"53,574","13,678","2,01,643",73.23,685,481,https://kerala26.com/constituency/122,kerala26_all_images\Const122_cpi.svg | kerala26_all_images\Const122_inc.svg | kerala26_all_images\Const122_122.jpg | kerala26_all_images\Const122_bjp.svg
123,KUNDARA,Unknown,S. L. Sajikumar,CPI(M),P. C. Vishnunadh,INC,Robin Radhakrishnan (Robin RB),BJP,,UDF,P.C.Vishnunadh,"76,405",J.Mercykutty Amma,"71,882","4,523","2,06,767",75.94,710,628,https://kerala26.com/constituency/123,kerala26_all_images\Const123_cpim.png | kerala26_all_images\Const123_bjp.svg | kerala26_all_images\Const123_inc.svg | kerala26_all_images\Const123_123.jpg
124,KOLLAM,Unknown,S. Jayamohan,CPI(M),Bindhu Krishna,INC,N. Prathap Kumar,BJP,Adv. Sinu L R (AAP),LDF,M Mukesh,"58,524",Adv. BINDHU KRISHNA,"56,452","2,072","1,76,553",74.05,750,290,https://kerala26.com/constituency/124,kerala26_all_images\Const124_bjp.svg | kerala26_all_images\Const124_inc.svg | kerala26_all_images\Const124_124.jpg | kerala26_all_images\Const124_cpim.png
125,ERAVIPURAM,Unknown,M. Noushad,CPI(M),Vishnu Mohan,RSP,Saji D. Anand,BDJS,,LDF,M. Noushad,"71,573",Babudivakaran,"43,452","28,121","1,76,076",72.38,931,209,https://kerala26.com/constituency/125,kerala26_all_images\Const125_cpim.png | kerala26_all_images\Const125_125.jpg
126,CHATHANNUR,Unknown,R. Rajendran,CPI,Sooraj Ravi,INC,B. B. Gopakumar,BJP,Arun A (AAP),LDF,G.S. JAYALAL,"59,296",B. B. GOPAKUMAR,"42,090","17,206","1,85,271",74.39,642,313,https://kerala26.com/constituency/126,kerala26_all_images\Const126_126.jpg | kerala26_all_images\Const126_inc.svg | kerala26_all_images\Const126_bjp.svg | kerala26_all_images\Const126_cpi.svg
127,VARKALA,Unknown,V. Joy,CPI(M),Varkala Kahar,INC,Adv. Sreenivasan Venugopal,BDJS,,LDF,Adv. V Joy,"68,816",Adv. BRM Shafeer,"50,995","17,821","1,87,646",72.28,815,397,https://kerala26.com/constituency/127,kerala26_all_images\Const127_cpim.png | kerala26_all_images\Const127_inc.svg | kerala26_all_images\Const127_127.jpg
128,ATTINGAL (SC),Unknown,O. S. Ambika,CPI(M),Santhosh Bhadran,RSP,P. Sudheer,BJP,Jayarajan M (SDPI),LDF,O S AMBIKA,"69,898",ADV. P SUDHEER,"38,262","31,636","2,02,550",72.93,"1,071",87,https://kerala26.com/constituency/128,kerala26_all_images\Const128_128.jpg | kerala26_all_images\Const128_bjp.svg | kerala26_all_images\Const128_cpim.png
129,CHIRAYINKEEZHU (SC),Unknown,Manoj B Edamana,CPI,Ramya Haridas,INC,B. S. Anoop,BJP,,LDF,V. Sasi,"62,634",B. S. Anoop,"48,617","14,017","1,99,492",73.26,758,"1,063",https://kerala26.com/constituency/129,kerala26_all_images\Const129_cpi.svg | kerala26_all_images\Const129_bjp.svg | kerala26_all_images\Const129_inc.svg | kerala26_all_images\Const129_129.jpg
130,NEDUMANGAD,Unknown,G. R. Anil,CPI,Meenankal Kumar,INC,Yuvaraj Gokul,BJP,Siyad Kandala (SDPI),LDF,Adv. G. R. ANIL,"72,742",P. S. PRASANTH,"49,433","23,309","2,08,123",73.8,917,599,https://kerala26.com/constituency/130,kerala26_all_images\Const130_inc.svg | kerala26_all_images\Const130_130.jpg | kerala26_all_images\Const130_bjp.svg | kerala26_all_images\Const130_cpi.svg
131,VAMANAPURAM,Unknown,D. K. Murali,CPI(M),Sudheer Sha Palode,INC,Venu Karanavar,BDJS,,LDF,Adv. D. K. Murali,"73,137",Anad Jayan,"62,895","10,242","2,00,798",73.14,716,344,https://kerala26.com/constituency/131,kerala26_all_images\Const131_cpim.png | kerala26_all_images\Const131_inc.svg | kerala26_all_images\Const131_131.jpg
132,KAZHAKKOOTTAM,Unknown,Kadakampally Surendran,CPI(M),T. Sarath Chandra Prasad,INC,V. Muraleedharan,BJP,,LDF,Kadakampally Surendran,"63,690",Sobha Surendran,"40,193","23,497","1,94,752",71.37,668,678,https://kerala26.com/constituency/132,kerala26_all_images\Const132_bjp.svg | kerala26_all_images\Const132_132.jpg | kerala26_all_images\Const132_cpim.png | kerala26_all_images\Const132_inc.svg
133,VATTIYOORKAVU,Unknown,V. K. Prasanth,CPI(M),K. Muraleedharan,INC,R. Sreelekha,BJP,,LDF,Adv.V.K.PRASANTH,"61,111",Adv.V.V.RAJESH,"39,596","21,515","2,08,543",66.19,854,402,https://kerala26.com/constituency/133,kerala26_all_images\Const133_inc.svg | kerala26_all_images\Const133_cpim.png | kerala26_all_images\Const133_bjp.svg | kerala26_all_images\Const133_133.jpg
134,THIRUVANANTHAPURAM,Unknown,Sudheer Karamana,Independent (CPI(M) support),C. P. John,CMP,Karamana Jayan,BJP,Samin Sathyadas (AAP),LDF,Adv.ANTONY RAJU,"48,748",V .S .Sivakumar,"41,659","7,089","2,03,584",63.03,"1,054",86,https://kerala26.com/constituency/134,kerala26_all_images\Const134_134.jpg | kerala26_all_images\Const134_jkc.svg | kerala26_all_images\Const134_bjp.svg
135,NEMOM,Unknown,V. Sivankutty,CPI(M),KS Sabarinathan,INC,Rajeev Chandrasekhar,BJP,Vinu K (AAP),LDF,V.Sivankutty,"55,837",Kummanam Rajasekharan,"51,888","3,949","2,04,718",71.49,756,337,https://kerala26.com/constituency/135,kerala26_all_images\Const135_cpim.png | kerala26_all_images\Const135_bjp.svg | kerala26_all_images\Const135_135.jpg | kerala26_all_images\Const135_inc.svg
136,ARUVIKKARA,Unknown,G. Stephen,CPI(M),V. S. Sivakumar,INC,Vivek Gopan,BJP,,LDF,Adv. G. Steephen,"66,776",K. S. Sabarinadhan,"61,730","5,046","1,93,873",75.39,900,452,https://kerala26.com/constituency/136,kerala26_all_images\Const136_136.jpg | kerala26_all_images\Const136_bjp.svg | kerala26_all_images\Const136_inc.svg | kerala26_all_images\Const136_cpim.png
137,PARASSALA,Unknown,C. K. Hareendran,CPI(M),Neyyattinkara Sanal,INC,Gireesh Neyyar,BJP,Deepumon N (AAP),LDF,C.K.HAREENDRAN,"78,548",AN SAJITHA RESSAL.R.K,"52,720","25,828","2,20,246",74.24,630,431,https://kerala26.com/constituency/137,kerala26_all_images\Const137_inc.svg | kerala26_all_images\Const137_137.jpg | kerala26_all_images\Const137_cpim.png | kerala26_all_images\Const137_bjp.svg
138,KATTAKKADA,Unknown,I. B. Satheesh,CPI(M),M. R. Baiju,INC,P. K. Krishnadas,BJP,Sandeep Kumar (AAP),LDF,Adv I B SATHEESH,"66,293",MALAYINKEEZHU VENUGOPAL,"43,062","23,231","1,96,792",74.34,699,671,https://kerala26.com/constituency/138,kerala26_all_images\Const138_138.jpg | kerala26_all_images\Const138_cpim.png | kerala26_all_images\Const138_bjp.svg | kerala26_all_images\Const138_inc.svg
139,KOVALAM,Unknown,Bhagat Rufus,Independent (CPI(M) support),M. Vincent,INC,T. N. Suresh,BJP,Manoj S.P (AAP),UDF,Adv. M. VINCENT,"74,868",NEELALOHITHADASAN NADAR,"63,306","11,562","2,19,341",72.81,773,601,https://kerala26.com/constituency/139,kerala26_all_images\Const139_139.jpg | kerala26_all_images\Const139_inc.svg | kerala26_all_images\Const139_bjp.svg
140,NEYYATTINKARA,Unknown,K. Ansalan,CPI(M),N. Sakthan,INC,S. Rajasekharan Nair,BJP,,LDF,K. ANSALAN,"65,497",SELVARAJ. R,"51,235","14,262","1,87,559",74.7,907,820,https://kerala26.com/constituency/140,kerala26_all_images\Const140_cpim.png | kerala26_all_images\Const140_bjp.svg | kerala26_all_images\Const140_140.jpg | kerala26_all_images\Const140_inc.svg
